dateissYM,1,2,3,4,5,6,7,8,9,10,11,12,13,14,15,16,17,18,19,20,21,22,23,24,25,26,27,28,29,30,31,32
1989-05,0,0,0,0,0,0,0,0,0,0,0,0,0,0,0,0,0,0,0,0,0,0,0,0,0,0,0,0,0,2,0,0
1989-06,0,0,0,0,0,0,3,0,0,0,0,0,0,0,0,0,0,0,0,0,0,0,0,0,2,0,3,0,1,0,0,0
1989-07,0,0,0,0,0,0,2,0,0,0,0,0,0,0,0,0,0,0,0,0,0,0,0,0,2,6,2,0,0,1,0,0
1989-08,0,0,0,0,0,0,2,0,0,0,0,0,0,0,0,0,0,0,0,0,0,0,0,2,3,9,1,2,3,5,0,0
1989-09,0,0,0,0,0,0,1,0,0,0,0,0,0,0,0,0,0,0,0,0,0,0,0,7,9,17,8,2,3,3,0,0
1989-10,0,0,0,0,0,0,2,0,0,0,0,0,0,0,0,0,0,0,0,0,0,0,0,1,19,17,7,10,13,8,0,0
1989-11,0,0,0,0,0,0,7,0,0,0,1,0,0,0,0,0,0,0,0,0,0,0,0,6,17,26,5,2,23,16,0,0
1989-12,0,0,0,0,0,0,3,1,0,0,0,2,0,0,0,0,0,0,0,0,0,0,0,9,36,25,14,4,27,8,0,0
1990-01,0,0,0,0,0,0,1,0,2,0,2,1,0,0,0,0,0,0,0,0,0,0,0,10,40,27,10,11,16,6,0,0
1990-02,0,0,0,0,0,0,1,1,0,5,5,4,0,0,0,0,0,0,0,0,0,0,0,16,28,12,18,9,14,22,0,0
1990-03,0,0,0,0,0,0,5,1,1,6,7,8,0,0,0,0,0,0,0,0,0,0,0,23,36,44,21,10,18,21,0,0
1990-04,0,0,0,0,0,0,1,2,1,12,7,4,0,0,0,0,0,0,0,0,0,0,0,27,38,38,22,8,14,26,0,0
1990-05,0,4,0,0,0,0,6,6,2,7,8,10,0,0,0,0,0,0,0,0,0,0,0,17,39,37,16,22,25,21,0,0
1990-06,2,7,1,0,0,1,5,4,16,20,10,7,0,0,0,0,0,0,0,0,0,0,0,18,23,47,25,13,25,15,0,0
1990-07,6,25,10,0,0,1,2,6,36,11,8,44,0,0,0,0,0,0,0,0,0,0,0,18,40,27,18,14,22,20,0,0
1990-08,1,47,13,0,1,5,9,9,20,9,6,5,0,0,0,0,0,0,0,0,0,0,0,29,36,61,23,15,36,18,0,0
1990-09,4,48,12,4,4,5,41,18,15,20,9,5,0,0,0,0,0,0,0,0,0,0,0,29,26,41,18,7,19,17,0,0
1990-10,5,49,19,1,4,1,14,15,17,15,16,11,0,0,0,0,0,0,0,0,0,0,0,28,48,49,22,24,56,34,0,0
1990-11,6,69,11,4,3,2,42,13,33,6,13,50,0,0,0,0,0,0,0,0,0,0,0,28,42,34,24,17,40,29,0,0
1990-12,4,65,14,2,0,4,7,6,13,6,20,22,2,0,0,0,0,1,0,1,4,0,0,17,32,35,27,14,35,18,0,0
1991-01,3,54,20,3,2,7,12,12,30,26,10,22,5,2,1,1,0,0,2,10,6,5,0,24,36,45,22,15,27,31,0,1
1991-02,5,51,23,9,3,10,5,13,11,12,13,43,3,1,1,6,3,0,79,3,2,8,1,24,39,35,30,13,32,34,0,0
1991-03,4,65,16,4,2,1,6,11,7,40,18,113,12,4,3,5,5,1,87,5,7,4,0,40,44,25,25,29,21,29,0,4
1991-04,12,62,26,3,3,9,40,17,7,24,15,50,11,4,4,4,8,1,25,15,12,7,0,17,34,44,31,11,31,25,0,3
1991-05,3,48,18,3,3,4,18,18,9,20,23,71,12,11,7,0,9,4,59,15,16,13,0,30,30,35,33,21,32,34,0,2
1991-06,8,74,24,2,5,2,12,10,7,32,18,21,7,7,6,14,9,0,33,23,12,12,0,30,42,37,36,37,37,27,0,2
1991-07,6,64,26,1,6,1,8,11,15,39,10,36,12,8,6,3,12,5,61,23,18,17,5,37,32,41,43,41,56,29,3,1
1991-08,16,77,37,3,5,5,8,16,17,47,11,87,11,16,15,16,2,4,33,14,18,17,5,17,43,45,18,23,43,27,9,4
1991-09,7,88,23,4,13,1,67,24,13,30,15,16,0,7,13,4,5,9,46,22,15,13,19,40,42,37,28,11,42,20,27,1
1991-10,23,78,17,6,24,2,10,40,26,25,9,67,13,13,7,8,3,2,76,25,11,11,7,28,46,36,23,27,44,25,36,9
1991-11,7,56,44,2,5,7,33,25,45,16,16,332,13,21,21,8,12,2,41,18,30,18,2,14,24,32,28,23,40,14,43,4
1991-12,9,75,31,6,10,8,20,19,54,37,29,44,14,32,20,14,5,6,48,20,34,16,8,23,46,46,39,21,64,22,29,7
1992-01,8,71,28,7,13,8,122,24,16,57,17,54,15,60,21,16,4,9,13,22,24,19,12,28,42,22,37,40,26,23,42,9
1992-02,4,72,29,4,15,5,7,10,48,23,29,112,9,14,21,10,18,5,12,31,25,11,27,13,37,24,17,14,16,27,23,3
1992-03,11,100,35,8,29,7,60,23,33,38,25,213,32,20,21,14,6,13,9,32,30,19,5,33,26,39,21,40,19,29,35,10
1992-04,10,132,24,5,21,2,130,15,23,18,22,8,19,12,17,5,4,6,15,21,18,18,18,35,37,37,33,23,26,30,45,6
1992-05,15,74,21,19,16,10,34,32,13,31,22,22,8,22,35,5,13,5,15,30,21,12,13,30,36,61,19,16,25,37,92,17
1992-06,7,118,35,18,21,6,71,9,17,34,25,12,38,25,15,27,30,13,34,47,31,18,28,21,42,39,36,66,60,24,94,9
1992-07,14,90,27,21,14,5,86,42,44,26,28,135,26,44,25,14,26,3,19,26,19,14,10,33,45,42,51,45,42,24,165,6
1992-08,14,100,57,7,11,5,50,46,21,32,25,51,12,24,24,66,10,8,14,28,24,25,9,37,40,43,46,82,27,31,145,19
1992-09,12,73,30,16,17,11,144,42,29,48,29,9,17,47,22,9,9,4,35,55,27,17,4,23,33,39,37,16,20,18,210,13
1992-10,9,87,24,7,25,18,39,13,32,20,23,167,18,80,28,50,23,3,13,22,35,17,3,36,41,32,35,31,14,17,191,10
1992-11,8,76,22,7,29,5,22,22,23,92,37,89,18,16,24,3,3,5,10,34,22,23,1,22,36,33,29,22,27,32,111,14
1992-12,15,80,50,9,45,14,64,51,26,45,35,9,11,24,23,17,17,5,30,46,24,19,11,31,46,42,51,25,23,28,84,2
1993-01,14,79,75,8,14,11,53,27,85,56,43,12,27,45,29,12,12,7,19,66,38,22,5,30,48,33,30,33,30,32,109,12
1993-02,14,88,17,13,43,4,165,20,27,33,22,5,18,37,12,11,19,1,31,28,29,16,11,11,32,24,20,25,21,22,101,7
1993-03,11,119,55,7,19,18,20,11,15,54,17,19,11,40,19,12,13,7,6,28,28,24,11,33,42,33,44,39,54,30,99,4
1993-04,10,103,25,11,21,6,37,16,38,25,38,6,19,27,31,9,12,7,16,43,21,23,6,27,34,33,39,58,54,23,266,4
1993-05,6,122,18,8,23,3,12,22,34,18,25,5,19,13,38,6,18,5,11,48,46,26,3,17,33,31,48,30,22,19,133,9
1993-06,7,107,59,35,50,12,15,17,36,16,32,9,42,27,40,40,15,6,23,40,58,20,12,24,73,35,58,18,31,24,106,11
1993-07,13,109,23,30,37,9,87,73,62,18,37,6,19,23,13,43,9,6,18,41,96,24,23,26,41,28,64,52,33,33,194,10
1993-08,11,107,44,7,13,11,10,56,55,18,27,14,19,29,20,26,7,5,16,41,123,31,5,36,42,47,54,38,40,45,227,4
1993-09,6,98,38,9,11,7,3,32,47,23,32,81,22,13,13,57,17,9,10,62,66,24,5,27,39,35,37,109,41,42,178,9
1993-10,5,104,39,4,27,15,11,35,80,25,29,8,14,24,14,47,13,6,16,56,29,23,11,42,28,37,49,24,42,16,146,2
1993-11,7,103,30,5,7,7,48,26,83,60,24,261,11,46,17,36,16,2,8,57,72,23,10,27,34,37,40,54,37,27,140,38
1993-12,7,98,68,5,33,4,8,76,73,16,19,34,13,64,26,35,11,5,45,43,46,23,5,29,34,32,32,32,40,20,215,56
1994-01,9,120,34,12,73,5,3,26,61,24,23,10,35,38,28,55,8,6,14,28,30,21,7,27,36,29,27,10,19,31,124,5
1994-02,9,85,31,0,23,11,6,10,56,29,13,12,20,20,23,14,12,4,4,25,20,19,7,21,47,38,38,23,10,13,70,8
1994-03,16,134,43,3,25,13,45,101,47,20,23,74,33,41,21,32,14,13,6,39,38,20,5,19,31,32,50,27,39,30,130,25
1994-04,12,113,35,11,54,12,20,34,96,19,12,59,27,39,33,40,20,10,11,38,55,28,13,39,49,37,73,42,69,52,212,20
1994-05,7,107,31,3,21,10,7,25,14,11,27,66,49,60,30,22,9,10,12,52,19,27,7,15,62,32,45,41,47,27,227,8
1994-06,14,119,46,13,24,15,11,76,17,13,31,37,28,75,31,23,28,14,29,52,40,29,17,26,38,45,34,39,60,25,272,56
1994-07,13,88,47,9,9,18,7,69,51,19,21,19,39,22,30,26,11,8,14,34,33,34,27,22,57,24,34,50,34,31,153,18
1994-08,2,134,48,8,31,8,59,11,17,18,20,3,106,23,37,49,16,5,24,43,35,20,17,40,61,47,54,62,62,25,236,24
1994-09,13,118,34,5,20,13,33,16,27,11,37,8,41,40,15,14,6,12,3,25,40,20,5,29,60,32,43,68,78,23,229,60
1994-10,22,120,37,4,11,10,11,19,7,21,26,27,19,41,35,14,9,16,8,45,34,40,10,22,66,42,47,77,51,47,219,8
1994-11,10,109,33,17,17,10,32,30,23,29,25,86,14,16,39,21,14,12,32,52,41,33,16,47,46,43,55,57,48,39,226,5
1994-12,11,110,26,15,35,8,15,26,14,18,31,112,72,75,28,78,22,5,11,37,39,27,46,16,40,27,36,31,43,27,268,8
1995-01,10,117,54,7,40,8,60,9,13,60,34,16,30,42,34,20,14,20,15,46,29,32,3,22,38,21,19,36,45,18,175,8
1995-02,12,103,37,5,9,8,29,10,10,14,17,22,25,36,25,28,10,15,6,28,30,25,1,34,43,41,25,43,34,25,212,0
1995-03,26,128,33,7,17,14,28,25,21,31,48,10,25,35,24,5,12,9,8,56,36,25,35,36,46,36,73,95,46,31,321,1
1995-04,10,140,38,6,34,15,5,57,55,20,46,43,42,22,46,4,5,15,5,38,34,33,8,19,32,38,49,41,30,136,260,1
1995-05,12,130,27,13,8,5,26,22,9,7,29,33,24,30,38,27,15,13,7,57,40,29,57,34,61,45,65,99,36,17,367,10
1995-06,15,140,51,5,13,8,36,25,7,17,16,16,45,24,31,37,15,10,14,43,26,19,19,22,56,31,44,69,45,42,328,8
1995-07,9,93,32,14,17,7,8,28,14,66,20,18,17,9,34,10,5,11,9,20,32,25,14,17,34,28,39,39,32,25,226,7
1995-08,12,169,39,11,20,9,53,33,15,17,44,68,33,18,54,15,11,7,23,48,31,54,18,28,53,42,61,39,52,60,347,16
1995-09,18,132,41,5,14,10,9,64,26,23,25,19,27,37,39,10,21,6,13,50,18,31,16,46,46,32,56,27,30,69,289,17
1995-10,13,107,41,6,24,8,6,14,27,33,42,35,19,20,29,24,11,10,12,39,23,26,25,32,59,46,61,44,45,151,455,7
1995-11,6,129,50,0,14,7,38,91,32,63,43,29,21,58,39,3,14,10,8,32,38,31,3,36,52,44,35,46,38,90,308,1
1995-12,14,143,78,20,29,7,14,17,14,14,31,0,28,33,42,18,13,8,7,38,29,21,34,48,34,44,48,27,29,17,225,47
1996-01,8,134,47,26,10,3,8,82,11,52,38,2,80,15,25,11,12,3,8,42,25,30,9,19,42,22,51,52,35,20,218,1
1996-02,10,118,61,17,23,11,3,15,6,18,36,10,16,65,44,6,5,6,9,37,26,27,7,28,38,18,39,19,31,25,193,11
1996-03,14,133,36,5,27,9,3,57,10,48,36,5,34,45,51,52,31,5,68,53,29,24,42,38,41,28,79,65,40,26,384,7
1996-04,14,160,72,2,44,12,10,36,12,7,35,102,18,28,30,19,16,9,11,51,40,32,3,42,49,43,53,30,41,35,459,150
1996-05,15,151,41,3,12,4,14,42,31,27,78,53,71,34,31,21,12,9,7,75,28,40,5,48,48,49,64,19,33,42,430,22
1996-06,6,155,37,13,11,7,16,28,8,53,78,67,32,42,34,13,21,6,8,26,36,27,8,38,69,46,53,37,60,41,397,4
1996-07,21,148,54,7,56,10,4,36,24,70,55,26,40,59,54,66,28,7,31,46,38,33,51,49,47,37,69,62,62,24,364,2
1996-08,24,147,41,9,12,4,7,30,7,16,22,9,39,21,35,29,18,4,17,39,21,54,16,37,44,39,52,33,89,32,322,12
1996-09,11,138,38,4,46,7,5,21,19,11,53,4,25,15,23,8,7,10,28,50,27,25,4,33,53,25,48,24,42,106,374,21
1996-10,16,158,48,12,26,14,3,20,20,76,46,29,38,34,50,1,19,11,26,62,36,36,3,45,29,46,59,47,40,35,358,27
1996-11,21,113,40,6,8,3,9,69,12,59,27,34,36,46,50,15,38,12,35,37,34,58,13,51,54,55,71,14,47,28,360,6
1996-12,12,146,37,13,2,7,7,37,3,6,19,3,44,35,43,9,19,8,58,44,30,31,7,34,51,44,71,19,54,25,231,50
1997-01,15,115,47,26,15,8,6,19,12,53,34,29,46,23,26,14,21,9,32,36,32,37,1,23,44,60,42,38,28,35,237,7
1997-02,18,149,50,5,27,8,13,15,10,21,29,4,35,19,41,40,22,4,7,30,19,28,30,30,50,25,47,24,26,19,277,5
1997-03,32,144,61,10,47,11,2,20,25,22,50,23,30,24,38,22,16,24,10,39,32,31,16,33,32,38,73,37,43,42,306,7
1997-04,16,163,68,23,33,8,11,17,8,77,71,37,32,26,32,16,21,10,6,26,38,23,9,24,62,38,44,26,65,37,387,69
1997-05,12,130,53,8,36,5,9,15,9,10,20,41,51,24,25,7,20,12,137,48,19,33,1,40,55,38,51,36,28,30,388,9
1997-06,8,177,32,16,63,10,5,18,46,16,55,29,69,35,30,21,38,20,22,39,36,18,15,37,82,43,76,45,52,43,356,19
1997-07,19,165,47,9,25,14,5,38,54,20,89,47,80,37,41,28,31,10,21,57,36,30,54,59,72,59,64,63,43,69,546,78
1997-08,11,164,37,5,21,11,3,22,26,20,32,11,38,51,48,15,21,18,24,54,32,42,33,26,40,46,71,36,62,17,397,12
1997-09,8,182,46,8,11,10,7,19,36,35,37,21,59,45,38,14,18,8,60,32,26,36,10,31,81,52,91,30,45,27,445,81
1997-10,23,177,54,9,31,12,9,23,41,38,43,53,42,27,46,17,17,13,69,36,26,26,10,37,54,63,48,28,61,41,429,68
1997-11,15,131,39,8,15,13,8,25,4,21,26,68,18,21,46,17,13,15,18,36,41,24,1,44,63,32,58,26,40,44,256,68
1997-12,12,177,42,5,21,12,5,27,84,36,23,63,60,45,29,56,17,6,54,60,36,31,49,44,70,68,83,64,53,61,506,78
1998-01,24,185,51,9,19,9,3,13,35,33,53,26,23,32,37,8,14,9,27,50,33,31,22,51,54,57,89,61,88,49,287,33
1998-02,17,142,44,9,20,17,21,40,23,18,31,6,50,49,37,64,14,8,67,61,47,19,81,57,67,32,88,42,57,76,368,6
1998-03,23,187,60,11,52,6,9,26,19,19,51,29,36,27,26,10,19,16,49,48,44,41,28,48,62,30,69,66,65,67,270,6
1998-04,15,158,55,9,26,11,9,19,36,14,36,67,42,26,47,24,13,10,68,67,52,25,4,50,77,45,92,56,75,50,425,105
1998-05,8,130,41,3,22,15,3,26,15,29,36,19,52,30,41,18,18,12,28,41,36,37,11,46,57,73,65,42,48,48,390,13
1998-06,62,140,33,21,33,10,9,70,25,69,50,50,42,47,48,30,39,9,140,76,53,43,4,69,99,62,69,59,48,34,427,10
1998-07,14,152,82,5,4,9,12,20,5,28,64,38,53,33,49,19,35,9,57,68,31,37,17,43,98,55,85,51,64,48,387,97
1998-08,15,108,30,27,15,8,6,54,25,13,79,12,32,42,52,46,13,7,18,71,47,53,51,57,75,46,88,41,39,72,302,5
1998-09,30,118,28,9,11,13,49,16,7,35,33,21,36,27,31,9,33,28,54,49,26,46,9,56,64,53,91,48,63,65,311,9
1998-10,10,164,46,6,10,6,6,42,35,49,76,12,45,43,32,31,30,27,23,55,50,40,12,37,90,52,65,58,50,74,463,16
1998-11,30,141,56,5,21,11,20,25,16,64,50,29,35,33,48,80,15,17,35,32,41,46,8,48,89,47,68,57,56,58,451,5
1998-12,28,166,35,4,14,9,73,31,10,27,40,28,34,76,40,28,33,19,15,54,89,50,6,51,111,56,77,66,88,85,519,8
1999-01,61,190,61,8,32,16,17,19,14,21,63,2,44,46,49,3,30,14,4,47,76,34,151,53,52,49,61,43,95,120,382,3
1999-02,20,179,33,7,30,8,26,9,10,10,56,3,35,69,40,85,10,15,89,60,30,42,108,43,80,56,61,48,65,55,379,7
1999-03,27,168,64,11,34,13,11,22,17,11,82,21,52,41,76,123,7,13,30,57,51,54,58,56,103,41,94,75,68,67,392,7
1999-04,55,147,97,8,27,13,8,16,17,35,55,11,33,52,53,40,9,16,24,43,68,43,18,52,88,58,76,35,72,82,492,40
1999-05,24,127,23,7,14,5,11,32,25,21,109,5,45,74,63,50,28,17,32,59,86,49,36,57,72,59,75,70,74,57,556,18
1999-06,18,171,39,12,43,23,27,25,23,35,61,10,46,58,65,44,26,66,67,83,91,54,45,64,116,58,111,81,83,70,532,62
1999-07,27,157,56,17,39,10,55,49,7,19,120,54,55,62,49,46,17,19,96,70,51,63,17,82,98,64,123,68,80,62,593,6
1999-08,30,114,35,11,31,6,42,25,9,30,61,66,38,62,44,27,28,15,59,66,33,36,3,68,117,74,101,48,50,80,644,18
1999-09,23,113,41,8,21,4,47,20,9,21,43,33,40,35,75,40,11,26,93,48,34,39,22,80,125,64,95,39,45,64,600,7
1999-10,22,119,34,4,11,5,4,22,8,34,55,12,44,47,53,87,28,51,29,62,32,50,19,75,92,48,74,53,54,64,427,13
1999-11,19,120,33,7,14,4,28,49,22,45,70,9,74,50,68,107,14,13,52,69,38,42,14,73,106,61,106,40,76,60,372,12
1999-12,36,153,76,12,61,22,66,55,5,90,48,15,41,76,89,39,22,8,45,51,32,31,6,64,130,52,85,74,80,47,454,25
2000-01,32,172,38,5,39,10,19,104,16,47,72,18,35,54,43,29,19,16,89,56,36,38,4,76,91,70,104,68,32,53,365,12
2000-02,19,135,22,14,58,8,49,77,8,12,54,63,42,84,82,27,15,16,82,45,40,53,15,68,72,53,82,55,58,64,419,4
2000-03,30,183,35,15,40,8,57,44,25,15,106,6,45,54,71,81,27,57,85,75,68,54,23,83,133,82,151,95,103,82,575,17
2000-04,45,156,38,9,40,18,67,58,8,20,51,7,54,50,74,61,19,35,95,24,46,39,8,130,123,60,109,73,46,94,594,13
2000-05,22,157,74,14,42,15,14,112,21,31,40,14,47,77,58,37,22,54,78,53,99,54,7,109,127,79,175,102,101,100,493,10
2000-06,31,180,52,19,34,20,73,178,16,22,96,12,36,162,61,67,44,24,80,95,112,78,27,117,147,57,121,70,79,99,612,56
2000-07,20,130,22,11,48,12,31,64,15,23,80,16,64,172,52,68,39,25,31,87,61,62,6,95,141,59,98,62,66,58,501,14
2000-08,22,150,44,10,78,11,25,110,9,24,60,11,57,97,83,26,21,15,60,69,103,73,6,107,117,70,131,73,68,84,649,9
2000-09,17,116,35,9,23,10,32,56,27,22,53,11,45,66,58,85,44,18,27,51,85,72,26,93,137,79,172,66,82,75,560,7
2000-10,29,160,26,3,70,4,27,89,17,21,43,8,51,61,49,51,30,40,46,46,82,49,22,96,119,76,76,59,101,80,816,69
2000-11,22,155,41,14,42,12,37,37,9,52,68,36,55,71,63,106,30,17,116,47,56,52,9,129,133,81,132,57,107,82,565,66
2000-12,13,138,61,18,36,18,41,197,20,34,74,56,45,91,90,97,48,19,62,44,55,39,12,117,130,71,134,61,44,80,604,56
2001-01,39,201,49,4,44,13,17,51,21,14,41,28,53,57,59,131,30,10,61,40,58,46,6,124,147,40,164,52,91,73,514,30
2001-02,23,162,44,9,108,15,40,42,29,23,39,119,47,75,86,16,27,13,69,72,63,36,53,94,112,56,100,66,89,71,441,95
2001-03,24,137,35,8,33,18,56,90,39,20,72,19,48,100,85,72,33,36,137,66,60,59,75,104,151,55,93,90,83,83,660,16
2001-04,14,145,33,7,33,10,48,83,7,76,66,19,85,73,80,69,31,10,149,82,93,65,60,110,125,195,95,65,77,93,703,31
2001-05,29,187,76,27,77,21,43,108,15,29,62,56,86,96,81,26,34,21,119,93,111,86,76,165,186,126,233,80,109,125,912,49
2001-06,14,184,37,7,43,17,42,198,24,14,79,26,52,85,108,56,61,22,65,115,113,81,59,169,131,185,168,80,86,97,677,66
2001-07,15,184,60,5,124,17,54,66,22,18,45,20,83,88,73,97,48,10,42,76,59,82,40,135,145,126,134,85,126,89,614,30
2001-08,23,156,32,4,85,7,45,71,40,22,65,22,52,104,75,52,49,29,53,80,59,55,19,111,249,120,120,86,112,93,618,40
2001-09,16,59,20,1,36,10,9,36,15,9,32,24,38,60,57,18,12,18,51,37,30,28,19,83,110,73,125,36,51,83,353,39
2001-10,15,146,33,11,84,9,17,116,29,44,146,49,132,75,61,36,35,27,67,70,63,66,16,120,114,165,175,82,81,111,728,66
2001-11,28,129,31,11,78,11,49,166,22,12,58,22,56,85,70,138,57,16,45,69,75,55,67,114,184,84,183,61,107,125,588,17
2001-12,28,172,27,17,47,15,41,90,97,47,92,48,109,122,75,47,62,21,71,60,71,62,18,133,172,70,149,88,77,89,685,82
2002-01,44,210,50,15,125,11,37,75,57,27,50,21,87,72,111,79,61,26,49,112,71,47,27,125,184,72,231,142,117,105,891,32
2002-02,30,140,45,13,51,18,43,80,20,18,81,44,76,96,75,59,47,28,61,69,70,62,26,151,147,71,169,91,122,115,669,119
2002-03,46,151,65,5,71,21,12,122,60,22,84,13,78,179,76,31,77,30,41,80,75,60,24,158,87,88,267,118,110,115,640,35
2002-04,16,184,55,16,52,23,19,41,44,26,87,55,119,101,72,29,42,43,124,101,85,62,10,169,133,118,185,95,121,98,446,42
2002-05,19,163,45,12,77,19,34,95,62,34,54,50,63,81,97,72,44,41,50,93,97,71,77,128,112,98,198,114,122,105,607,12
2002-06,15,146,55,44,101,37,116,152,75,20,89,39,58,116,55,60,45,15,73,103,122,95,22,138,119,110,188,105,105,71,538,96
2002-07,21,132,39,14,78,7,32,97,38,33,74,30,96,105,80,69,47,19,63,81,90,92,41,168,134,108,296,108,83,108,525,25
2002-08,21,178,28,21,39,16,14,145,36,37,58,28,66,150,105,44,43,22,78,94,96,67,42,138,109,114,238,122,115,107,491,59
2002-09,23,142,31,4,48,22,54,85,61,31,89,17,76,93,67,51,36,19,106,74,80,52,58,133,158,98,185,100,86,80,540,67
2002-10,22,174,41,12,40,21,12,206,43,47,72,48,77,115,90,43,26,28,125,131,97,78,23,171,209,142,231,144,107,120,665,71
2002-11,18,128,29,8,30,26,24,126,62,21,51,26,142,80,70,57,45,17,142,75,103,73,54,160,209,125,296,106,105,111,612,72
2002-12,26,150,32,48,43,14,55,112,55,35,93,48,155,144,56,102,53,48,148,68,85,94,44,129,135,101,277,74,103,80,496,147
2003-01,30,235,40,11,52,17,10,69,56,32,68,98,105,171,88,80,45,17,99,72,110,126,63,102,164,78,184,99,85,98,503,33
2003-02,21,159,56,32,55,21,34,137,26,21,90,24,59,109,43,36,81,35,84,58,74,113,85,113,146,70,230,94,91,113,448,41
2003-03,28,168,86,15,75,25,29,76,65,20,109,32,94,153,68,66,57,33,121,78,83,63,75,160,121,83,281,85,107,112,710,76
2003-04,18,211,82,20,37,18,15,131,69,25,80,66,171,122,85,118,56,18,113,70,106,86,44,146,157,162,324,109,119,119,580,63
2003-05,33,179,41,13,66,18,52,105,55,59,75,72,121,158,102,82,64,44,192,84,121,75,73,150,175,148,237,131,122,90,682,67
2003-06,37,170,53,21,90,28,24,87,58,26,97,37,75,147,73,75,68,51,131,82,117,73,53,171,229,159,221,136,127,83,748,124
2003-07,26,195,83,19,86,31,28,241,63,31,110,36,182,190,96,80,63,35,167,142,119,176,44,178,207,162,244,107,118,156,614,74
2003-08,18,153,39,15,48,22,58,60,68,45,115,47,79,95,106,68,49,20,65,92,131,135,64,162,258,160,317,102,122,109,593,86
2003-09,17,161,42,12,55,28,32,69,54,43,181,60,100,140,95,55,46,33,104,77,143,74,52,162,247,135,269,126,108,123,583,98
2003-10,22,181,67,27,38,26,57,95,52,46,110,62,104,169,83,103,51,51,124,75,76,141,45,215,328,167,304,140,179,158,1049,103
2003-11,21,126,28,12,24,11,13,71,57,37,62,30,98,84,69,42,48,37,96,94,86,149,72,161,145,126,254,99,95,111,967,50
2003-12,29,176,56,20,62,20,28,102,70,34,65,31,121,139,77,101,55,43,165,109,99,76,41,138,204,117,268,117,127,95,605,74
2004-01,20,193,54,30,64,16,41,87,40,34,87,53,100,227,89,65,39,36,160,106,80,172,69,188,240,101,175,80,145,95,469,81
2004-02,25,180,57,24,46,13,10,77,52,35,123,31,104,165,104,88,117,37,154,82,60,173,25,222,202,102,292,118,117,99,736,85
2004-03,30,218,90,27,109,34,53,101,72,34,146,52,158,125,103,120,79,46,145,129,129,133,152,224,259,160,346,168,216,110,793,222
2004-04,28,154,38,27,97,52,19,77,44,44,75,62,147,164,89,121,88,30,152,108,116,120,25,229,199,174,336,139,251,129,648,172
2004-05,18,208,55,21,60,12,5,99,50,64,126,70,80,168,83,47,45,24,152,100,107,117,40,209,230,155,439,148,155,143,607,71
2004-06,33,206,71,20,59,54,39,100,31,44,158,45,112,206,87,88,70,47,124,118,118,132,112,226,278,192,462,178,248,136,728,79
2004-07,12,159,66,17,68,26,57,245,62,63,145,83,123,149,107,132,72,26,126,122,89,103,103,204,215,188,355,111,223,133,834,58
2004-08,30,176,68,13,77,25,52,252,45,48,151,49,99,80,91,80,61,42,97,107,107,155,31,274,245,213,333,133,198,146,871,73
2004-09,21,202,53,17,31,13,34,242,43,84,136,36,109,111,84,112,62,36,116,124,104,105,84,206,256,230,388,138,182,105,735,102
2004-10,20,185,56,27,49,22,35,99,53,75,143,52,117,116,109,92,60,42,195,63,114,127,130,200,226,189,479,97,207,152,559,103
2004-11,31,188,49,6,46,11,32,80,68,67,105,80,132,145,120,77,68,38,171,120,141,93,27,227,217,175,531,169,198,110,617,94
2004-12,38,241,49,23,60,33,21,128,50,54,119,30,114,203,103,106,80,48,159,142,89,115,39,267,283,193,585,157,210,177,428,104
2005-01,24,234,64,12,95,44,53,91,36,82,217,35,156,237,126,79,107,69,184,101,117,196,91,314,278,175,416,192,184,129,647,118
2005-02,16,209,45,5,26,18,27,79,20,43,142,46,106,166,86,95,59,49,161,115,86,120,41,176,206,158,310,130,207,133,468,61
2005-03,38,235,67,22,77,31,57,124,80,85,128,64,177,172,111,159,103,65,256,179,125,187,133,285,276,229,667,144,311,154,688,163
2005-04,25,229,58,18,66,25,30,131,45,104,108,73,105,171,133,112,80,92,216,97,90,124,58,262,291,251,418,178,171,165,637,115
2005-05,20,204,52,13,63,19,46,113,36,93,236,41,116,184,124,95,65,54,196,138,139,115,60,217,299,239,322,244,272,158,710,91
2005-06,30,212,81,23,95,54,77,89,53,69,217,79,102,207,128,117,75,50,173,176,157,143,77,284,335,246,364,210,257,173,609,104
2005-07,21,209,82,9,114,42,44,212,48,105,189,36,109,79,170,81,67,43,130,119,109,200,67,209,340,253,291,175,252,176,641,76
2005-08,29,217,44,11,58,22,27,123,45,60,182,50,106,162,121,116,97,26,112,156,163,204,102,241,291,270,338,244,264,174,704,90
2005-09,29,195,48,12,48,18,49,76,70,61,187,102,163,91,161,119,82,76,260,112,78,101,42,242,282,226,351,198,221,185,618,88
2005-10,29,179,46,12,51,21,30,110,46,58,148,63,84,95,95,107,99,57,148,63,101,104,52,210,208,237,397,141,248,153,570,81
2005-11,26,212,34,4,61,19,28,125,44,65,145,152,95,133,112,93,114,42,100,129,149,140,56,241,261,237,455,214,251,133,643,62
2005-12,33,204,49,11,30,17,76,153,45,66,128,87,112,265,185,109,82,66,214,206,165,154,121,357,330,318,274,209,246,166,518,125
2006-01,35,202,48,10,48,35,53,178,57,97,223,90,113,239,171,81,127,98,330,159,154,253,83,313,260,220,516,278,370,198,526,73
2006-02,26,210,36,9,39,18,47,143,55,59,155,72,111,102,130,74,96,48,176,116,146,113,36,227,193,177,502,219,219,160,429,73
2006-03,44,248,86,31,90,42,90,184,52,122,254,118,140,232,162,102,126,70,265,234,161,192,86,295,296,291,641,332,355,210,913,147
2006-04,28,193,45,15,53,31,48,110,59,77,171,51,122,96,119,112,132,50,253,114,108,121,93,294,240,268,407,244,287,177,451,95
2006-05,29,230,47,11,43,22,48,176,46,77,231,84,137,219,126,62,55,50,358,135,192,117,83,301,282,291,317,263,345,165,461,75
2006-06,28,245,63,17,87,39,74,184,42,90,269,85,143,155,148,74,120,41,153,143,151,95,99,320,262,264,429,188,307,211,521,114
2006-07,12,209,58,16,44,25,57,211,46,98,114,45,111,124,140,90,88,30,110,132,144,123,68,201,287,213,360,161,211,164,360,53
2006-08,28,217,47,16,63,30,48,148,70,80,210,62,124,136,133,80,79,35,198,158,132,218,60,293,276,258,382,185,313,176,446,95
2006-09,26,153,35,10,63,27,29,80,37,77,156,122,122,152,123,58,60,61,158,138,93,130,131,287,188,210,345,234,214,149,381,94
2006-10,27,176,44,14,59,23,17,211,31,57,185,107,78,132,146,41,55,51,106,97,173,134,37,227,240,222,416,137,316,166,427,43
2006-11,15,206,35,7,64,15,51,151,87,66,175,123,94,130,84,56,90,32,223,142,91,106,55,196,190,191,387,219,294,129,437,63
2006-12,36,268,61,23,61,27,59,123,63,118,173,75,132,255,144,60,91,30,113,191,176,146,88,333,268,230,370,200,300,170,341,83
2007-01,30,256,58,38,49,26,47,138,80,112,243,143,162,244,176,104,177,76,257,171,179,132,115,265,293,227,494,266,480,220,394,118
2007-02,18,188,45,12,39,18,43,71,39,41,163,39,79,128,83,47,81,36,122,114,119,181,47,233,161,116,297,160,227,117,328,89
2007-03,31,241,64,30,63,32,69,192,69,71,220,93,113,211,157,86,96,54,299,170,105,146,65,199,257,205,516,287,372,178,607,84
2007-04,21,268,66,29,44,25,31,118,45,130,213,66,89,177,175,69,133,46,165,167,154,148,63,235,245,176,445,222,286,224,392,89
2007-05,36,271,41,24,40,19,64,140,77,77,294,83,78,203,134,61,117,60,179,133,161,111,83,209,250,203,384,240,330,167,379,71
2007-06,28,255,59,27,81,35,38,138,37,112,203,37,98,145,160,71,105,45,184,191,127,100,49,194,242,231,340,199,287,189,385,49
2007-07,23,245,68,16,44,36,37,136,36,101,206,16,99,124,150,72,106,42,108,129,111,104,43,189,259,176,436,143,290,178,416,78
2007-08,37,215,54,20,53,23,12,136,31,87,133,37,104,143,117,58,94,24,58,87,132,125,36,197,216,227,312,128,309,137,384,87
2007-09,18,176,35,17,27,22,23,76,40,52,142,76,86,110,123,32,59,32,67,94,61,77,19,209,200,163,267,161,274,173,287,29
2007-10,24,220,37,22,40,13,27,170,31,73,178,56,65,207,116,44,81,29,77,117,126,79,19,224,243,185,388,129,234,185,365,38
2007-11,21,211,40,17,45,17,28,117,62,106,152,32,100,175,121,30,43,49,199,113,148,82,69,196,200,171,255,88,149,165,290,47
2007-12,47,301,74,54,59,32,40,80,70,66,192,38,153,360,230,67,88,35,107,306,254,140,62,218,265,174,305,194,152,207,271,140
2008-01,31,222,60,32,50,24,24,134,70,107,205,38,86,219,142,93,178,46,220,153,103,138,117,180,237,175,309,117,213,169,306,91
2008-02,26,186,39,31,23,15,35,77,15,42,102,25,62,110,84,47,72,46,62,81,111,90,34,145,168,106,163,123,260,123,243,32
2008-03,26,225,69,24,54,19,23,70,34,82,179,31,89,196,151,38,88,45,117,148,133,88,75,194,252,158,229,177,205,132,451,48
2008-04,29,282,68,28,72,30,36,85,46,83,131,57,103,192,167,80,55,40,258,171,93,120,38,201,262,211,421,191,181,200,280,50
2008-05,13,242,42,28,50,25,44,108,26,102,180,39,92,272,163,36,65,27,39,122,116,122,30,179,189,173,250,93,141,155,222,65
2008-06,36,304,47,50,64,29,49,167,37,88,132,38,143,407,213,37,82,32,51,152,111,147,40,139,285,155,276,138,167,183,296,126
2008-07,27,280,84,41,55,30,31,212,34,57,95,20,104,181,157,39,97,17,168,139,129,87,20,180,206,193,216,178,167,169,297,72
2008-08,19,232,32,24,32,29,14,133,21,54,73,26,99,141,138,31,61,22,38,120,78,77,22,174,252,133,249,106,131,162,231,62
2008-09,26,219,43,16,41,24,8,96,30,65,94,27,64,228,111,49,77,47,74,128,117,97,48,122,302,158,253,125,139,104,304,41
2008-10,30,210,49,18,30,23,24,97,35,58,79,19,72,160,107,21,46,24,84,135,100,108,62,192,230,181,250,127,160,166,319,69
2008-11,21,172,27,11,20,15,12,105,23,38,47,17,62,158,125,19,32,22,54,87,97,89,11,95,109,88,139,62,84,95,208,22
2008-12,34,210,63,32,38,16,7,54,35,54,72,34,67,145,135,22,30,18,62,95,84,83,33,198,187,128,127,65,103,143,142,53
2009-01,22,221,48,9,50,24,17,138,23,64,73,21,72,170,100,22,41,19,50,109,79,74,24,126,137,81,141,118,78,144,187,41
2009-02,20,163,33,19,35,17,25,60,26,35,111,18,56,147,130,44,39,37,65,76,94,66,17,174,142,93,205,88,65,132,209,58
2009-03,25,222,60,36,29,25,21,80,33,59,83,29,83,172,128,67,46,26,60,144,126,107,42,198,250,180,168,118,125,171,402,53
2009-04,22,248,62,20,73,21,35,98,43,66,122,28,91,177,104,32,44,28,113,122,79,84,22,173,219,159,251,126,144,200,337,78
2009-05,25,186,35,19,18,18,32,67,24,48,105,23,87,188,112,37,60,33,43,103,104,75,23,148,242,190,185,93,145,151,293,22
2009-06,15,290,59,21,68,24,38,103,16,75,101,12,83,173,147,19,29,35,52,127,120,96,15,197,186,167,207,70,156,169,293,35
2009-07,20,234,45,19,38,20,40,62,22,61,116,15,78,130,95,38,39,26,45,107,117,79,12,170,164,169,144,124,90,151,271,33
2009-08,16,203,35,17,29,27,16,100,14,75,118,18,67,158,111,28,40,43,66,108,97,84,17,150,133,131,148,65,102,124,278,37
2009-09,25,188,42,26,39,13,24,66,22,55,87,11,70,125,100,17,35,24,26,109,92,69,54,155,186,146,176,76,148,124,271,46
2009-10,17,180,33,16,22,16,22,36,15,40,98,27,88,136,112,29,34,45,66,106,82,66,29,111,122,121,194,70,72,101,316,31
2009-11,17,155,29,19,13,10,20,88,14,28,68,24,60,158,122,54,27,9,179,98,100,82,13,113,155,109,137,92,46,134,272,28
2009-12,16,179,62,17,37,20,20,43,46,32,49,15,71,149,107,18,26,18,23,103,73,68,16,142,167,89,138,76,95,106,187,24
2010-01,14,196,30,17,19,16,17,53,15,35,63,19,66,108,64,27,28,22,51,81,72,73,12,120,121,156,90,68,82,88,330,29
2010-02,27,173,21,9,45,16,16,22,15,34,84,7,47,92,104,22,26,34,171,96,64,57,12,117,118,138,134,52,94,102,183,30
2010-03,21,180,43,48,41,17,21,75,22,59,100,27,51,118,114,14,34,19,23,92,99,97,26,138,196,148,200,79,91,146,341,46
2010-04,23,218,53,13,35,17,37,25,27,52,92,13,78,110,92,33,22,23,31,95,79,116,15,123,178,182,149,87,89,102,218,51
2010-05,22,185,16,13,13,8,25,51,10,34,89,21,74,107,108,29,42,19,49,81,72,91,29,127,182,145,255,93,66,139,155,30
2010-06,19,191,28,22,33,19,11,29,16,33,52,28,72,121,136,34,44,31,30,108,87,122,14,131,224,142,243,53,125,151,275,14
2010-07,17,199,59,17,19,16,29,46,17,54,46,10,87,85,94,31,20,12,58,100,75,66,3,140,167,126,169,77,105,95,194,32
2010-08,16,199,39,25,35,23,27,64,17,59,80,7,60,107,100,10,49,12,145,116,72,112,6,141,201,194,174,88,102,89,298,11
2010-09,16,188,28,6,28,12,30,20,24,40,61,12,47,96,80,32,36,34,18,116,58,66,12,159,206,207,156,54,68,83,246,30
2010-10,11,196,38,19,25,7,21,31,25,39,54,11,60,124,125,30,31,14,24,144,79,87,17,118,239,177,129,73,81,128,307,32
2010-11,8,207,38,17,20,18,12,26,15,42,114,20,57,114,95,43,53,11,53,121,108,82,11,122,164,110,112,80,81,109,206,31
2010-12,10,183,54,19,25,19,4,30,20,25,61,24,93,85,102,23,20,12,31,98,76,76,11,111,249,137,188,51,91,114,195,24
2011-01,21,173,47,13,14,14,18,21,18,32,24,8,67,81,95,50,77,15,31,97,47,35,41,82,140,81,139,81,94,76,133,36
2011-02,15,161,30,7,3,15,14,40,23,34,72,8,46,62,93,60,28,6,13,76,65,93,7,65,148,89,70,64,56,112,176,29
2011-03,29,220,57,21,33,25,29,36,28,58,69,12,77,144,115,16,38,10,22,106,112,119,14,134,197,120,174,79,84,105,303,34
2011-04,20,215,30,10,28,17,18,33,9,32,67,12,58,119,113,21,29,15,48,101,75,92,13,96,231,146,313,78,69,139,271,22
2011-05,25,197,33,20,34,13,22,46,29,41,90,25,107,124,109,16,43,19,36,143,93,108,22,88,155,149,164,84,60,124,193,34
2011-06,22,198,46,11,29,9,16,30,22,52,81,30,46,115,104,40,39,53,79,87,96,94,6,101,160,169,153,68,67,152,276,13
2011-07,23,150,40,8,20,16,11,37,16,22,58,10,61,86,113,55,64,16,26,69,85,57,18,87,173,180,148,56,65,136,240,6
2011-08,17,195,43,9,22,30,12,37,17,22,56,16,72,75,76,32,45,20,76,116,91,77,7,91,192,158,117,83,82,98,272,53
2011-09,20,204,30,7,20,8,8,32,15,30,44,28,67,83,122,50,37,20,18,110,70,83,19,101,175,176,147,76,73,129,244,16
2011-10,14,166,41,6,26,13,12,24,19,34,33,16,67,82,75,12,23,11,43,92,59,58,15,106,166,163,110,61,70,120,234,12
2011-11,15,237,32,28,27,8,14,23,27,45,52,15,72,110,90,21,27,13,29,115,87,81,5,98,152,176,83,74,106,105,238,30
2011-12,16,232,45,8,27,18,14,17,21,45,38,12,69,115,109,29,42,8,66,153,95,81,2,78,152,118,141,59,89,119,285,30
2012-01,22,227,48,9,22,13,23,17,24,18,72,19,96,136,114,25,36,8,13,100,57,44,8,138,80,99,90,75,72,102,155,45
2012-02,28,204,33,12,39,17,22,34,27,25,34,9,85,105,95,33,44,25,48,73,87,110,15,125,108,117,155,50,134,119,183,39
2012-03,23,211,38,11,33,17,9,46,33,52,99,15,99,108,128,16,38,12,25,96,98,97,18,84,164,129,105,98,96,105,318,22
2012-04,17,219,41,10,26,20,10,47,35,52,56,14,96,103,109,18,48,5,15,86,58,69,7,129,122,123,323,68,87,110,275,31
2012-05,22,206,49,20,31,17,18,48,26,51,56,8,103,123,120,36,35,14,39,116,95,104,13,106,197,138,153,97,97,104,242,29
2012-06,24,265,47,13,23,11,12,32,22,44,93,34,92,72,111,34,34,13,33,120,74,61,18,113,142,137,129,76,80,141,250,40
2012-07,23,196,32,8,26,12,15,21,36,25,46,29,92,133,105,14,41,17,16,103,111,78,7,119,212,137,141,64,115,117,295,41
2012-08,19,198,42,5,31,9,7,47,25,37,62,12,121,110,123,41,37,9,85,84,93,74,15,152,198,163,106,77,72,95,213,56
2012-09,18,202,38,8,31,13,16,43,16,31,46,28,90,112,106,29,17,15,53,122,86,69,11,82,206,139,144,101,82,86,203,13
2012-10,22,189,40,15,31,13,13,18,20,23,41,19,83,100,106,25,32,8,26,84,101,80,18,95,138,131,102,80,98,99,202,9
2012-11,14,249,41,9,19,18,20,31,23,36,59,10,62,109,121,26,27,20,32,76,54,45,16,78,123,111,80,54,46,98,162,24
2012-12,18,204,55,13,14,13,9,34,10,26,80,12,72,98,89,17,31,4,46,129,93,59,11,95,114,118,69,67,92,87,205,19
2013-01,21,232,41,11,36,15,9,28,17,41,72,11,74,113,125,27,36,25,50,100,107,47,8,112,104,117,114,53,52,95,204,13
2013-02,37,220,30,6,24,26,12,33,18,53,62,9,87,128,109,43,36,32,31,113,72,61,4,101,113,106,107,59,111,121,128,19
2013-03,35,185,46,15,42,23,14,31,24,50,115,23,83,157,146,21,35,16,49,78,79,79,4,116,197,116,120,102,83,83,360,41
2013-04,25,238,39,7,29,17,20,29,20,43,57,17,98,96,127,18,33,17,29,128,61,60,7,87,177,148,182,90,95,121,303,26
2013-05,18,244,39,12,21,17,10,47,21,54,95,6,159,171,178,47,41,23,44,128,109,106,13,102,143,178,264,68,86,140,235,28
2013-06,7,216,42,12,33,16,22,72,21,22,57,26,82,93,109,54,44,14,28,86,96,81,6,98,128,147,106,56,35,113,178,29
2013-07,11,214,48,9,38,7,14,47,20,16,58,13,98,116,127,32,46,20,24,93,131,70,9,151,143,141,123,53,78,100,258,61
2013-08,20,239,48,12,42,15,15,26,40,25,61,12,155,148,118,39,41,9,40,161,114,68,15,114,212,137,105,59,71,123,212,39
2013-09,21,237,31,9,28,13,21,34,20,33,50,18,96,92,117,11,45,12,24,110,66,77,9,106,196,121,176,62,66,110,215,36
2013-10,20,287,44,7,32,25,27,33,15,23,56,6,112,146,112,37,38,12,21,91,98,97,5,128,133,150,259,87,82,119,302,65
2013-11,19,272,31,17,22,22,12,21,23,24,42,10,100,107,134,21,33,17,19,103,44,74,14,77,150,146,185,47,68,115,256,46
2013-12,17,272,43,12,22,12,13,48,12,29,61,19,168,153,91,24,53,16,54,104,83,57,17,94,154,104,247,49,71,104,240,70
2014-01,26,232,56,6,22,8,19,20,10,33,35,14,123,116,140,31,62,18,27,80,56,49,4,88,124,82,255,37,71,121,209,86
2014-02,26,209,35,14,39,7,13,42,7,21,44,15,209,108,87,46,58,17,122,97,88,72,13,99,119,98,201,60,74,97,108,63
2014-03,17,255,66,18,27,16,6,81,27,46,90,25,156,177,157,51,64,9,214,114,67,79,18,123,180,156,230,68,82,128,314,81
2014-04,16,239,43,11,33,16,14,23,24,41,47,11,149,105,174,34,37,12,102,86,100,111,18,101,174,198,369,70,62,132,234,76
2014-05,40,293,42,17,19,8,25,35,30,69,40,14,110,109,152,43,47,18,52,114,104,83,5,128,140,132,273,66,79,103,244,60
2014-06,28,251,52,7,31,27,25,117,24,27,57,19,120,149,146,61,52,5,34,151,98,58,21,101,234,176,201,74,71,150,244,56
2014-07,20,277,26,12,27,17,15,29,19,58,52,23,138,178,119,48,52,15,148,133,106,92,12,112,190,165,218,81,107,135,228,38
2014-08,22,241,57,12,41,14,19,33,24,31,48,14,155,136,100,56,46,16,63,125,94,94,5,128,184,159,204,84,51,136,252,84
2014-09,12,245,43,8,29,8,11,62,16,42,56,23,107,175,108,51,46,13,43,123,86,87,27,91,237,151,223,40,105,109,340,64
2014-10,28,285,53,8,44,17,10,19,8,18,61,11,122,116,111,35,29,18,58,77,72,85,20,122,155,190,160,76,82,109,346,56
2014-11,23,231,28,17,19,17,17,21,17,31,49,7,74,105,149,46,35,4,106,88,80,52,8,65,163,106,143,44,61,98,232,63
2014-12,20,308,51,9,28,17,18,34,16,23,48,13,152,196,152,57,36,2,43,92,60,96,23,100,162,120,194,68,59,96,299,50
2015-01,26,208,36,7,17,19,10,44,16,41,44,17,106,112,115,31,34,21,18,89,55,73,8,48,89,78,157,54,49,105,181,68
2015-02,18,224,37,7,37,11,13,14,7,28,30,6,183,141,94,36,28,17,40,92,56,71,19,89,93,66,151,50,47,95,132,58
2015-03,20,320,49,12,39,23,17,21,18,23,53,13,165,213,164,40,60,20,53,112,78,94,26,60,187,218,192,67,44,140,314,49
2015-04,20,275,43,8,37,14,33,83,23,47,68,17,123,153,114,59,52,15,23,161,80,69,52,122,250,204,204,62,70,160,270,75
2015-05,31,305,29,24,42,11,17,30,37,54,57,18,192,250,174,56,80,35,36,107,106,92,37,107,167,130,206,62,61,197,255,74
2015-06,38,375,68,21,62,14,29,115,24,75,34,44,248,247,219,134,173,23,48,233,115,115,26,141,204,178,162,67,75,245,333,118
2015-07,14,270,46,14,47,29,24,41,22,49,65,35,149,198,177,46,70,21,66,141,78,103,6,151,171,148,139,85,60,119,291,68
2015-08,17,271,36,15,28,15,13,26,23,27,43,18,183,185,134,94,64,12,50,162,66,89,14,128,208,171,143,89,112,178,221,88
2015-09,30,259,35,11,19,17,9,43,13,28,67,8,104,151,144,33,46,9,20,86,75,68,7,113,142,178,124,55,75,99,264,42
2015-10,22,299,48,12,38,12,24,45,23,42,72,18,125,144,189,94,80,17,162,126,93,107,12,143,188,186,236,85,92,167,261,91
2015-11,20,245,54,16,40,13,14,18,19,40,93,27,146,154,142,67,90,21,46,149,110,81,43,133,147,116,207,78,82,158,298,109
2015-12,27,351,60,23,56,17,24,42,32,35,64,16,169,281,203,124,188,20,160,166,107,97,55,127,219,124,182,116,109,216,315,95
2016-01,25,297,42,9,31,15,21,30,13,37,66,21,137,133,111,37,59,14,31,148,68,66,10,100,137,90,184,48,58,123,213,48
2016-02,15,269,45,5,43,21,11,29,25,48,40,14,133,120,155,40,79,25,52,81,65,85,15,84,147,140,156,93,85,108,162,62
2016-03,30,368,68,16,47,25,30,72,34,46,61,30,227,213,182,70,112,26,47,125,89,87,34,134,264,175,227,99,163,158,332,75
2016-04,19,310,45,8,29,19,22,49,30,45,63,24,133,152,183,52,68,12,22,123,70,59,21,102,198,159,155,102,75,298,283,86
2016-05,30,349,63,27,47,19,29,51,24,53,42,16,179,256,228,54,74,20,34,134,125,98,55,118,179,158,149,77,51,189,298,126
2016-06,20,385,54,12,37,24,19,41,34,51,40,25,155,176,224,78,135,18,32,191,128,124,22,164,251,138,190,96,104,169,387,91
2016-07,42,244,53,19,37,16,27,38,14,41,38,19,139,199,122,54,70,17,155,152,79,99,19,142,221,191,144,85,77,130,283,72
2016-08,17,300,71,11,25,20,13,19,32,57,52,18,157,252,186,93,107,14,105,158,109,102,39,134,195,178,284,102,124,185,312,105
2016-09,26,295,43,11,45,23,18,30,34,39,62,22,139,176,162,53,102,18,98,142,125,131,22,170,203,222,296,77,138,175,281,52
2016-10,11,274,51,8,39,17,24,35,14,30,49,9,129,135,111,52,64,25,78,87,76,97,18,124,225,150,214,75,137,116,262,59
2016-11,17,306,46,18,41,23,13,57,13,42,81,18,168,161,171,50,75,21,28,105,91,112,32,137,180,125,153,76,55,139,247,75
2016-12,39,305,40,11,49,6,10,29,19,52,61,28,169,155,107,58,89,17,81,128,120,85,27,141,209,126,200,78,59,143,226,74
2017-01,37,291,46,15,28,17,17,25,20,27,48,19,126,155,188,73,106,14,67,115,81,99,23,119,139,74,128,70,55,122,297,61
2017-02,18,264,36,10,36,10,22,20,40,34,75,15,107,115,157,42,57,12,51,95,99,88,17,91,227,142,170,91,66,123,243,80
2017-03,18,355,72,24,36,19,43,27,25,60,43,30,242,242,208,86,107,27,51,194,100,110,25,117,302,186,247,83,79,167,306,101
2017-04,28,299,35,16,23,28,24,24,19,43,64,20,168,172,206,67,76,8,40,156,90,79,22,140,201,168,156,88,83,175,293,80
2017-05,30,333,65,15,36,33,53,46,34,75,74,34,151,259,196,66,99,19,56,157,123,106,31,167,242,186,227,90,112,183,252,83
2017-06,20,358,61,14,36,20,25,72,18,24,84,25,196,263,196,101,142,7,37,146,127,113,21,115,316,196,238,96,125,195,333,102
2017-07,22,258,54,32,55,39,19,44,30,41,39,13,143,195,165,74,92,17,75,159,151,96,12,173,220,156,207,69,133,126,281,72
2017-08,27,346,56,11,42,15,34,56,34,55,79,32,159,173,159,58,122,20,64,140,163,132,27,155,336,223,306,98,80,142,289,134
2017-09,30,301,54,18,30,15,30,59,24,56,65,35,169,165,131,75,140,12,59,150,134,122,36,151,237,157,185,80,114,147,265,65
2017-10,39,307,57,19,39,18,35,78,30,34,66,18,183,235,141,82,76,15,72,123,107,124,20,168,218,212,209,111,116,136,317,114
2017-11,22,273,65,18,40,25,28,52,37,40,71,18,176,207,170,59,133,14,91,143,94,107,52,119,183,145,257,109,98,144,308,99
2017-12,27,304,41,8,29,24,24,50,25,44,54,29,134,159,194,53,87,14,193,111,122,114,14,150,170,95,188,103,114,148,201,82
2018-01,31,322,52,16,30,22,38,56,35,33,73,40,157,180,149,62,121,16,11,136,121,88,18,131,171,83,214,67,74,143,288,80
2018-02,26,268,45,10,28,13,24,39,24,53,50,15,113,184,180,62,140,15,66,145,117,139,29,119,210,132,190,80,94,142,243,54
2018-03,26,309,53,16,35,17,36,63,34,46,65,27,153,230,240,88,95,11,46,153,94,123,21,179,255,191,154,83,111,200,256,141
2018-04,25,266,69,13,50,31,23,40,31,42,84,9,116,195,237,60,96,13,39,153,134,131,34,135,166,158,290,88,103,175,264,91
2018-05,25,300,49,15,39,20,50,45,24,49,47,33,154,224,194,80,115,20,76,163,140,149,35,135,221,199,218,78,91,169,299,92
2018-06,27,315,43,13,41,23,33,53,29,36,44,23,136,152,148,91,155,17,60,145,138,110,22,130,209,168,191,59,77,160,326,62
2018-07,10,316,59,12,63,25,28,28,21,28,41,26,129,224,162,54,92,10,33,179,126,87,29,144,218,152,166,71,74,141,203,70
2018-08,29,310,61,18,32,13,42,51,39,65,53,30,135,167,221,97,141,29,48,179,104,113,16,143,197,186,213,96,126,150,229,91
2018-09,17,252,55,10,34,9,19,39,27,43,44,16,131,148,168,46,48,6,28,97,84,68,28,113,154,160,248,62,54,99,191,34
2018-10,24,346,40,19,31,19,33,54,19,47,49,13,145,231,150,71,111,15,39,145,103,125,23,156,218,146,202,86,117,113,330,83
2018-11,32,242,49,7,34,10,33,29,24,52,74,28,149,183,168,67,96,9,81,110,91,108,22,139,212,145,141,85,96,155,221,74
2018-12,17,275,46,15,41,12,34,33,26,34,44,21,109,204,140,55,90,12,48,150,104,82,55,143,172,109,173,80,65,134,175,64
2019-01,58,313,38,16,41,11,30,28,18,34,66,26,141,130,204,65,91,17,48,119,77,138,24,102,151,80,130,80,91,177,214,52
2019-02,26,239,49,7,28,20,17,34,22,37,56,27,101,130,131,52,116,7,78,83,111,82,9,136,149,125,126,105,82,126,275,67
2019-03,30,291,51,19,44,15,38,48,19,39,61,31,129,175,182,102,100,12,53,119,111,162,41,147,259,154,203,122,120,135,307,119
2019-04,20,319,86,17,57,21,30,41,24,62,75,19,144,178,195,37,101,17,127,128,124,113,22,148,240,178,130,88,132,180,275,63
2019-05,19,296,45,16,33,18,46,70,23,43,65,38,135,211,169,78,145,26,55,155,133,114,34,144,216,180,161,126,117,181,262,102
2019-06,54,252,36,14,51,19,30,31,24,73,51,26,128,134,179,65,80,9,40,137,119,121,20,159,186,161,148,94,94,182,200,52
2019-07,35,281,41,25,36,25,35,62,27,49,54,19,138,228,183,82,78,25,46,138,151,102,23,126,219,159,155,77,102,131,234,71
2019-08,35,284,42,21,33,17,35,44,20,58,53,26,94,160,178,64,90,19,61,118,116,79,17,117,206,150,119,83,121,170,183,81
2019-09,15,253,51,15,20,18,20,48,31,60,94,31,106,123,139,46,82,33,19,112,107,73,15,144,175,135,140,91,62,91,233,37
2019-10,35,301,42,13,29,26,20,49,22,67,60,23,129,122,152,46,70,16,50,119,116,85,12,151,212,150,142,49,94,166,252,58
2019-11,21,230,59,6,29,17,42,49,15,54,74,16,122,223,129,60,105,16,39,110,103,104,29,120,147,126,135,97,74,132,199,54
2019-12,16,257,37,6,22,16,26,34,18,44,60,15,103,152,138,49,84,9,66,107,101,135,59,167,140,109,117,57,68,126,193,66
2020-01,47,261,40,18,39,19,44,26,40,62,49,30,118,181,184,33,81,20,64,102,77,92,37,102,162,115,138,109,123,148,223,55
2020-02,36,212,43,8,25,13,32,38,34,46,55,21,132,134,140,43,86,15,32,112,106,82,16,134,118,92,121,102,71,142,149,57
2020-03,24,176,58,17,24,10,21,34,30,54,56,25,85,120,99,40,54,11,70,85,84,67,41,133,127,96,93,83,75,113,245,24
2020-04,11,120,16,5,21,5,27,10,18,26,11,8,36,62,57,19,27,5,98,20,27,34,41,63,26,31,30,39,15,46,43,9
2020-05,34,146,22,17,13,14,18,13,11,34,12,14,40,97,58,19,29,2,39,24,39,42,15,26,41,24,40,24,9,47,62,16
2020-06,24,252,39,11,35,13,26,23,25,54,57,11,87,118,150,44,53,27,46,92,76,80,22,109,94,113,88,65,69,128,239,48
2020-07,26,262,47,8,37,15,31,46,30,45,50,24,129,183,164,37,85,13,44,126,94,94,15,141,158,142,96,91,86,149,200,70
2020-08,19,162,38,10,21,13,20,25,20,62,25,21,86,86,93,36,73,5,25,75,68,58,22,86,141,103,162,80,98,149,100,56
2020-09,33,239,27,6,29,24,20,34,26,35,48,45,97,108,119,29,59,8,48,79,79,78,16,92,158,100,148,95,71,143,166,41
2020-10,51,180,49,6,25,17,18,55,25,39,52,18,105,123,128,30,73,15,58,91,108,74,21,134,165,98,139,68,44,105,179,60
2020-11,12,154,46,11,28,22,17,54,23,59,70,37,95,134,89,35,66,11,49,87,63,89,33,100,100,97,115,77,77,102,165,63
2020-12,17,283,45,13,22,18,38,30,29,65,69,32,135,161,165,43,57,19,28,110,84,95,18,82,150,125,103,68,72,143,155,45
2021-01,41,207,37,13,29,12,33,49,21,64,77,34,89,136,141,37,61,8,26,111,67,83,41,124,140,94,72,89,69,129,196,45
2021-02,20,182,54,12,35,11,24,37,35,33,41,27,110,106,98,30,49,4,36,71,88,63,21,100,99,102,80,62,57,116,142,42
2021-03,33,240,49,28,24,16,41,74,34,64,61,44,78,104,112,47,67,11,55,113,74,68,21,128,158,130,141,105,90,140,220,52
2021-04,18,199,31,11,27,14,36,36,25,70,48,27,78,148,130,42,73,10,66,77,70,96,41,128,125,134,106,96,66,103,174,71
2021-05,35,173,20,13,25,7,23,23,28,63,43,32,68,135,86,65,45,9,27,70,70,65,23,108,116,91,143,68,60,99,161,41
2021-06,11,199,33,15,35,12,26,28,48,64,56,33,111,138,162,66,97,27,40,85,84,92,27,82,111,104,108,85,59,133,159,61
2021-07,12,146,26,14,24,12,14,28,27,45,57,24,81,122,108,32,52,11,44,68,73,59,12,64,95,84,95,66,65,112,113,35
2021-08,14,175,32,10,28,27,25,34,21,73,32,20,89,88,111,33,45,4,23,58,74,54,15,99,112,91,115,44,58,119,97,37
2021-09,13,199,28,9,18,13,21,16,28,61,35,17,62,85,70,32,23,8,34,52,54,44,22,72,119,100,68,52,76,118,151,23
2021-10,25,152,24,10,26,17,28,29,28,42,40,19,75,100,102,21,34,3,32,64,94,54,23,127,93,85,76,54,43,109,162,31
2021-11,11,144,34,8,21,17,25,45,24,39,53,22,76,110,107,41,44,21,26,77,83,47,10,45,105,52,97,35,32,71,101,32
2021-12,23,211,47,16,26,13,11,20,24,36,36,21,78,117,98,63,61,21,18,64,45,61,16,74,54,56,60,35,47,65,123,39
2022-01,14,127,28,5,24,16,16,32,17,49,36,22,72,111,102,45,45,4,32,56,77,63,5,57,94,50,61,33,36,76,127,37
2022-02,17,122,27,15,12,14,13,20,14,43,40,18,71,61,57,20,18,7,8,51,50,50,7,53,52,36,59,51,39,72,94,17
2022-03,20,191,45,8,30,10,23,51,20,58,60,13,70,102,103,41,62,10,40,57,86,63,27,68,120,62,72,64,46,117,123,25
2022-04,13,125,25,7,16,12,16,17,42,30,32,26,52,70,67,17,40,3,20,33,62,32,16,69,72,35,79,48,23,64,72,22
2022-05,61,139,29,11,22,14,34,20,27,74,40,16,55,119,69,28,50,5,20,70,51,70,24,56,72,46,43,53,43,93,94,27
2022-06,25,147,28,16,18,11,28,18,35,70,45,16,79,132,90,27,79,18,41,51,77,64,17,78,57,61,68,38,36,122,117,39
2022-07,10,99,29,11,15,11,6,10,7,32,56,12,54,106,81,24,34,9,31,44,31,52,21,47,77,42,50,32,35,70,80,36
2022-08,13,99,31,4,22,17,13,18,27,32,57,10,49,82,80,18,30,11,29,57,44,45,15,61,67,45,64,65,40,60,75,29
2022-09,16,143,17,6,26,5,18,15,13,45,25,18,55,60,72,45,30,5,38,41,33,35,13,37,59,49,40,33,26,93,84,21
2022-10,17,104,14,10,21,12,7,10,24,26,33,12,45,58,54,9,28,4,16,61,62,34,14,61,97,41,34,48,35,76,78,26
2022-11,12,88,16,2,17,7,16,14,24,32,31,19,40,66,48,16,21,2,15,43,25,30,12,29,43,29,52,22,29,47,65,25
2022-12,11,122,19,5,13,13,14,15,23,42,32,12,40,93,39,38,29,9,70,40,34,44,20,20,34,19,45,35,30,39,62,32
2023-01,24,107,15,5,13,15,13,13,23,29,27,16,43,65,53,22,43,4,30,32,31,26,10,43,47,37,41,27,42,62,93,22
2023-02,9,101,21,3,9,5,8,16,19,17,30,9,35,71,34,17,23,7,23,32,45,29,20,33,34,40,57,30,29,41,64,19
2023-03,10,157,21,4,34,12,25,13,18,36,42,15,51,81,54,21,43,8,26,46,69,34,19,31,35,38,59,35,30,64,41,10
2023-04,9,87,19,7,11,4,10,18,17,19,32,14,38,45,45,7,32,4,7,36,34,17,9,40,49,22,28,28,22,55,46,11
2023-05,48,108,14,5,9,20,12,12,19,61,16,6,60,65,36,12,27,6,18,41,49,34,13,25,55,28,53,37,17,70,75,13
2023-06,29,85,17,3,11,7,10,18,26,35,36,9,48,56,42,11,20,11,9,35,32,39,2,34,37,29,41,37,30,40,65,13
2023-07,12,94,12,1,14,14,5,15,13,37,26,18,27,35,43,11,12,9,15,31,42,35,15,37,24,19,34,22,25,58,56,10
2023-08,8,73,13,4,11,5,12,16,12,16,32,15,37,48,46,7,24,8,80,39,31,35,8,31,38,29,27,49,16,37,58,17
2023-09,4,71,17,9,13,6,19,17,13,27,20,12,21,33,33,14,12,5,9,9,11,28,3,24,31,12,34,16,17,48,43,17
2023-10,7,79,9,7,12,4,10,9,2,31,21,8,28,29,37,2,31,4,9,16,34,12,14,47,33,21,33,21,42,48,78,12
2023-11,7,40,6,0,7,8,4,3,6,14,27,10,21,32,40,6,18,2,12,20,18,13,16,19,18,21,16,18,16,23,48,9
2023-12,6,76,12,2,7,9,9,15,9,30,29,9,29,51,42,19,18,8,8,30,17,28,22,12,16,13,24,12,9,33,42,15
2024-01,13,70,3,1,19,3,4,14,9,18,18,8,32,42,39,11,12,7,8,32,24,27,3,15,12,19,41,11,9,34,44,13
2024-02,4,63,10,3,8,3,18,21,7,16,14,8,20,27,26,13,21,3,6,25,22,22,3,16,21,19,35,8,12,21,38,19
2024-03,9,71,13,2,8,9,9,10,7,29,28,9,24,40,27,17,15,6,1,29,50,23,8,18,34,23,23,26,8,46,43,15
2024-04,7,72,8,4,2,9,7,13,19,28,15,6,30,40,33,21,14,2,8,35,31,22,15,18,36,27,28,18,21,31,27,13
2024-05,31,72,11,5,9,8,5,10,11,27,29,14,31,42,28,21,17,2,10,28,25,18,8,24,27,10,20,23,15,27,39,24
2024-06,4,52,7,4,9,13,1,25,0,14,22,7,35,46,27,4,13,3,2,18,25,12,6,13,8,14,12,7,11,18,48,16
2024-07,9,45,6,0,12,4,6,12,17,10,24,5,16,31,22,6,7,1,32,13,14,23,10,17,20,16,24,16,11,28,24,5
